<?xml version="1.0" encoding="UTF-8"?>
<project-private xmlns="http://www.netbeans.org/ns/project-private/1">
    <editor-bookmarks xmlns="http://www.netbeans.org/ns/editor-bookmarks/2" lastBookmarkId="0"/>
    <open-files xmlns="http://www.netbeans.org/ns/projectui-open-files/2">
        <group>
            <file>file:/C:/Users/mohan/OneDrive/Desktop/studnet_application/student/src/home.java</file>
            <file>file:/C:/Users/mohan/OneDrive/Desktop/studnet_application/student/src/student.java</file>
            <file>file:/C:/Users/mohan/OneDrive/Desktop/studnet_application/student/src/about.java</file>
            <file>file:/C:/Users/mohan/OneDrive/Desktop/studnet_application/student/src/login.java</file>
            <file>file:/C:/Users/mohan/OneDrive/Desktop/studnet_application/student/src/admin.java</file>
            <file>file:/C:/Users/mohan/OneDrive/Desktop/studnet_application/student/src/databaseConnection.java</file>
        </group>
    </open-files>
</project-private>
